Index,id,created_at,favorite_count,retweet_count,user,user_followers_count,retweeted_user
0,1.57042E+18,15/09/2022 14:43,0,0,quartzvale_,132,
1,1.57041E+18,15/09/2022 14:05,2,1,nimbussablelive,491,
2,1.5704E+18,15/09/2022 13:13,0,3,onyxwharfco,4785,onyxanvilpro
3,1.5704E+18,15/09/2022 13:01,41,5,onyxanvilpro,651536,
4,1.57039E+18,15/09/2022 12:35,0,0,solaryakplus65,12,
5,1.57037E+18,15/09/2022 11:20,0,0,harborshorelive,91,
6,1.57037E+18,15/09/2022 11:01,0,0,umberknoll360,1192,
7,1.57035E+18,15/09/2022 9:33,0,0,pixelpier,1925,
8,1.57034E+18,15/09/2022 8:59,0,5,prismgrovetv74,28762,swiftwrenlive
9,1.57034E+18,15/09/2022 8:53,5,4,swiftwrenlive,4908,
10,1.57032E+18,15/09/2022 8:00,0,1,crispfoxnet91,111,quietfalconhq30
11,1.57032E+18,15/09/2022 7:47,0,0,lunargroveplus,54,
12,1.57032E+18,15/09/2022 7:39,2,0,umberdell_,3923,
13,1.57031E+18,15/09/2022 7:01,0,0,vividquayx,3177,
14,1.57027E+18,15/09/2022 4:40,0,0,atlassable,2360,prismhollow360
15,1.57026E+18,15/09/2022 4:13,0,0,lunardriftlive,45343,
16,1.57024E+18,15/09/2022 2:55,0,0,quartzvale_,140,
17,1.57024E+18,15/09/2022 2:48,0,0,quartzvale_,148,
18,1.57024E+18,15/09/2022 2:39,0,0,quartzvale_,146,
19,1.57019E+18,14/09/2022 22:59,0,0,ridgeternx32,8,ridgeternx32
20,1.57016E+18,14/09/2022 21:36,0,13,zenithheron,4634,dunemartennow
21,1.57014E+18,14/09/2022 19:49,0,0,frosttern360,2531,
22,1.57013E+18,14/09/2022 19:37,0,0,tundratrailco,59,
23,1.57012E+18,14/09/2022 18:46,0,1,tundrabaylab,408,pixelternone
24,1.57009E+18,14/09/2022 16:52,0,0,duneheronio,185,
25,1.57009E+18,14/09/2022 16:20,0,0,frostdriftdaily,891,amberdellnow
26,1.57006E+18,14/09/2022 14:51,0,0,quartzvale_,134,
27,1.57006E+18,14/09/2022 14:48,0,0,quartzvale_,133,
28,1.57006E+18,14/09/2022 14:39,0,0,quartzvale_,123,
29,1.57005E+18,14/09/2022 14:13,0,1,crispquay36091,356,pixelternone
30,1.57005E+18,14/09/2022 14:04,1,3,pixelternone,791,
31,1.57005E+18,14/09/2022 13:52,0,2,sableospreylive,0,willowforgelab73
32,1.57004E+18,14/09/2022 13:31,0,12,tundrashore24,1839,dunemartennow
33,1.57004E+18,14/09/2022 13:23,0,16,willowospreyio,35245,dunemartennow
34,1.57004E+18,14/09/2022 13:12,0,2,mesadrift,3,harborfalcontv
35,1.57004E+18,14/09/2022 13:11,0,0,orbitvoleau23,2565,
36,1.57003E+18,14/09/2022 12:31,0,0,embersableio,259,dunezephyrlab
37,1.57002E+18,14/09/2022 12:21,2,2,dunezephyrlab,8,
38,1.57002E+18,14/09/2022 12:11,0,1,ridgeternx32,9,
39,1.57001E+18,14/09/2022 11:19,0,0,ivoryheronone,208,pixelzephyr
40,1.57E+18,14/09/2022 10:57,0,4,vividgrovedaily,1713,amberdellnet
41,1.56998E+18,14/09/2022 9:26,0,2,ivoryledgedaily58,59,
42,1.56997E+18,14/09/2022 8:24,0,0,jadefoxx,41,
43,1.56993E+18,14/09/2022 6:02,2,0,urbannookplus43,484,
44,1.56993E+18,14/09/2022 5:53,0,0,amberbayau,7452,
45,1.56993E+18,14/09/2022 5:52,0,0,frosttern360,2615,
46,1.56992E+18,14/09/2022 5:40,0,0,quartzyard_71,0,
47,1.56988E+18,14/09/2022 2:29,0,0,lunarvaleau,8450,
48,1.56984E+18,14/09/2022 0:17,0,0,bravebaylive,0,
49,1.56984E+18,14/09/2022 0:00,0,0,glidenook,853,
50,1.56982E+18,13/09/2022 22:57,0,2,ridgeternx32,9,
51,1.56979E+18,13/09/2022 20:47,0,0,bravemartenco,4183,
52,1.56974E+18,13/09/2022 17:16,0,13,zenithfalconau85,23949,dunemartennow
53,1.56972E+18,13/09/2022 16:00,0,3,lunarvaleone,4,pixelternone
54,1.56971E+18,13/09/2022 15:37,0,0,novayakdaily10,0,
55,1.5697E+18,13/09/2022 15:10,0,0,ivoryyaknow,17241,
56,1.5697E+18,13/09/2022 14:55,0,0,ridgeternx32,7,ridgeternx32
57,1.5697E+18,13/09/2022 14:50,0,0,quartzvale_,135,
58,1.5697E+18,13/09/2022 14:46,0,0,ridgeternx32,7,ridgeternx32
59,1.56969E+18,13/09/2022 14:29,0,0,quartzvale_,129,
60,1.56969E+18,13/09/2022 14:25,0,0,onyxdrift24,764,
61,1.56967E+18,13/09/2022 12:32,0,0,cedarfoxtv,2,
62,1.56966E+18,13/09/2022 11:55,0,0,crispshorepro,8,
63,1.56966E+18,13/09/2022 11:55,0,0,crispshorepro,6,
64,1.56966E+18,13/09/2022 11:54,0,0,crispshorepro,6,
65,1.57042E+18,15/09/2022 14:34,0,0,crispfox,41457,
66,1.57042E+18,15/09/2022 14:34,0,0,zenithmoor33,4060,
67,1.57042E+18,15/09/2022 14:34,0,0,crispfox,44859,
68,1.57042E+18,15/09/2022 14:34,0,2865,novafen24,265,harborfalcontv
69,1.57042E+18,15/09/2022 14:33,0,2561,birchvaleio,728,harborfalcontv
70,1.57042E+18,15/09/2022 14:32,0,3006,lunarjetty_,88,harborfalcontv
71,1.57042E+18,15/09/2022 14:32,0,2,frosttern360,2562,urbanravenlab
72,1.57042E+18,15/09/2022 14:32,0,2509,frostravenhq,38,harborfalcontv
73,1.57042E+18,15/09/2022 14:31,0,1,bravejetty17,3357,lunarheronio
74,1.57042E+18,15/09/2022 14:31,0,2798,frostnookx24,346,harborfalcontv
75,1.57042E+18,15/09/2022 14:30,0,0,bravemartenco,3944,
76,1.57042E+18,15/09/2022 14:30,0,0,ridgenook80,1072,
77,1.57042E+18,15/09/2022 14:29,0,1,frosttern360,2725,swiftwrenx
78,1.57042E+18,15/09/2022 14:28,0,1,frosttern360,2493,swiftwrenx
79,1.57042E+18,15/09/2022 14:28,0,2510,glidedriftau,358,harborfalcontv
80,1.57042E+18,15/09/2022 14:28,0,9861,glidemoornet47,527,vertextrailnet
81,1.57042E+18,15/09/2022 14:28,2,3,lunarheronio,12382,
82,1.57042E+18,15/09/2022 14:27,0,477,willowfalcon43,1046,bravevolelive
83,1.57042E+18,15/09/2022 14:27,0,2622,zenithwrenlive72,1384,harborfalcontv
84,1.57042E+18,15/09/2022 14:27,2,0,pixelvale71,193,
85,1.57042E+18,15/09/2022 14:27,7,2,coralheron,10946601,
86,1.57042E+18,15/09/2022 14:27,0,0,echolynx,423,
87,1.57042E+18,15/09/2022 14:26,0,0,novalynx_29,69,
88,1.57042E+18,15/09/2022 14:26,0,0,ridgesableau,0,
89,1.57042E+18,15/09/2022 14:26,0,1300,urbanledge3602,169,umbertrailx
90,1.57042E+18,15/09/2022 14:25,0,2764,onyxvolehq,156,harborfalcontv
91,1.57042E+18,15/09/2022 14:24,0,2723,duneyakau,6627,ivorymoor_
92,1.57042E+18,15/09/2022 14:23,0,0,quartzfoxlab,0,
93,1.57042E+18,15/09/2022 14:23,0,2576,lumendellco,3378,harborfalcontv
94,1.57042E+18,15/09/2022 14:19,1,0,onyxtrail43,0,
95,1.57042E+18,15/09/2022 14:18,0,9831,frostarctv,14538,vertextrailnet
96,1.57042E+18,15/09/2022 14:18,0,0,orbitdell_41,0,
97,1.57042E+18,15/09/2022 14:17,0,2590,lumenlynx360,7164,harborfalcontv
98,1.57042E+18,15/09/2022 14:17,0,283,vertexinletlab,518,tundraquay24
99,1.57042E+18,15/09/2022 14:16,0,0,willowfenpro,6,
100,1.57042E+18,15/09/2022 14:15,0,552,quartzbeaconlab,4284,bravevolelive
101,1.57042E+18,15/09/2022 14:12,1,0,jadeospreyau,0,
102,1.57041E+18,15/09/2022 14:10,0,167,duneospreyone,83,ivoryvalelab
103,1.57041E+18,15/09/2022 14:10,0,2567,lunarshorelab,508,harborfalcontv
104,1.57041E+18,15/09/2022 14:09,0,2566,frostzephyrx,112,harborfalcontv
105,1.57041E+18,15/09/2022 14:09,0,103,lumenvaletv,2702,umberpierplus
106,1.57041E+18,15/09/2022 14:08,0,2973,frostbeacon12,241,ivorybayco
107,1.57041E+18,15/09/2022 14:08,0,0,swiftyakco,23,
108,1.57041E+18,15/09/2022 14:07,0,0,ivorywren24,46,
109,1.57041E+18,15/09/2022 14:07,0,17,tundratrailhq,355,ridgedell
110,1.57041E+18,15/09/2022 14:06,0,3,glidedriftplus,760,pixelternone
111,1.57041E+18,15/09/2022 14:05,0,14,atlasottertv27,154,ridgedell
112,1.57041E+18,15/09/2022 14:05,1,0,solarfenone,1207,
113,1.57041E+18,15/09/2022 14:04,0,2682,tundraknolllab,1112,harborfalcontv
114,1.57041E+18,15/09/2022 14:03,0,455,coralvolenet,189,bravevolelive
115,1.57041E+18,15/09/2022 14:01,0,465,dunevale_,486,bravevolelive
116,1.57041E+18,15/09/2022 14:01,0,0,vividcairn2420,327,
117,1.57041E+18,15/09/2022 14:01,0,4,quietospreyx,12048,glidedellnow
118,1.57041E+18,15/09/2022 14:00,0,520,pixeltrailplus85,3001,bravevolelive
119,1.57041E+18,15/09/2022 14:00,0,0,kiteotterpro79,73,
120,1.57041E+18,15/09/2022 13:59,0,731,sabledelltv,248,orbitforgelab
121,1.57041E+18,15/09/2022 13:59,16,3,glidedellnow,17562,
122,1.57041E+18,15/09/2022 13:59,0,0,novaarc360,12860,
123,1.57041E+18,15/09/2022 13:58,0,26,vividvole,739,bravefoxpro
124,1.57041E+18,15/09/2022 13:58,0,5,braveyaknow31,3278,prismmartenco83
125,1.57041E+18,15/09/2022 13:56,0,0,birchtrail3602,257,
126,1.57041E+18,15/09/2022 13:55,0,2,swiftwrenx,57,
127,1.57041E+18,15/09/2022 13:55,0,0,crispfenlive,13187,
128,1.57041E+18,15/09/2022 13:54,2,0,pixelquay_96,461,
129,1.57041E+18,15/09/2022 13:54,0,2731,prismternco,1659,harborfalcontv
130,1.57041E+18,15/09/2022 13:52,0,0,quietmoor,358,
131,1.57041E+18,15/09/2022 13:52,0,529,urbandriftio,731,bravevolelive
132,1.57041E+18,15/09/2022 13:52,0,2810,atlasdriftco,24,harborfalcontv
133,1.57041E+18,15/09/2022 13:52,0,0,onyxquayau,260,
134,1.57041E+18,15/09/2022 13:52,0,0,crispforge,51,
135,1.57041E+18,15/09/2022 13:52,0,0,harbortern,121,
136,1.57041E+18,15/09/2022 13:50,0,43,onyxospreyco,53097,braveyardplus
137,1.57041E+18,15/09/2022 13:50,0,1446,vertexheronlive,39,umbertrailx
138,1.57041E+18,15/09/2022 13:49,0,2750,frostbaydaily75,1565,harborfalcontv
139,1.57041E+18,15/09/2022 13:49,0,2893,pixelyaktv,68,harborfalcontv
140,1.57041E+18,15/09/2022 13:47,0,2916,ambergrovehq,2216,harborfalcontv
141,1.57041E+18,15/09/2022 13:46,0,15,duneyardlab,1245,ivorypierplus65
142,1.57041E+18,15/09/2022 13:46,0,1336,solarwrenplus4,77,umbertrailx
143,1.57041E+18,15/09/2022 13:46,0,0,nimbusbeaconlab,893,
144,1.57041E+18,15/09/2022 13:44,0,1252,ivorygroveone,108,umbertrailx
145,1.57041E+18,15/09/2022 13:41,0,0,duneledge360,11422,
146,1.57041E+18,15/09/2022 13:41,0,0,frosttern360,2561,
147,1.57042E+18,15/09/2022 14:29,0,6,umberyakone,1498,quietledgedaily
148,1.57042E+18,15/09/2022 14:24,0,717,birchwren37,1134,ivorypierplus65
149,1.57042E+18,15/09/2022 14:24,0,0,deltainletone81,337,
150,1.57042E+18,15/09/2022 14:21,5,1,glidejettynet,909,
151,1.57042E+18,15/09/2022 14:21,0,0,zenithgrove360,1,
152,1.57042E+18,15/09/2022 14:18,0,18,tundrajettynow,1275,ivorybayco
153,1.57042E+18,15/09/2022 14:17,0,80,cedarreef80,927,duneravenplus
154,1.57042E+18,15/09/2022 14:16,0,616,frostmoor26,43,ivorypierplus65
155,1.57042E+18,15/09/2022 14:15,0,0,ridgenook80,1027,
156,1.57042E+18,15/09/2022 14:11,0,0,lumenshoreone,578,
157,1.57041E+18,15/09/2022 14:11,0,588,nimbusyardone,1520,ivorypierplus65
158,1.57041E+18,15/09/2022 14:09,0,6,crispquayio,1462,quietledgedaily
159,1.57041E+18,15/09/2022 14:08,0,17,ambergrove,3575,ridgedell
160,1.57041E+18,15/09/2022 14:06,0,0,willowwrenco,286,
161,1.57041E+18,15/09/2022 14:05,0,20,bravehollow,643,ivorybayco
162,1.57041E+18,15/09/2022 14:05,0,0,willowwrenco,290,
163,1.57041E+18,15/09/2022 14:02,0,0,tundraledgenet43,100,
164,1.57041E+18,15/09/2022 14:01,0,86,zenithtrailnow,29,northgrovepro
165,1.57041E+18,15/09/2022 14:00,0,669,novaanvil360,72,ivorypierplus65
166,1.57041E+18,15/09/2022 13:56,0,0,vertexfoxhq,0,
167,1.57041E+18,15/09/2022 13:55,0,656,bravequay,273,ivorypierplus65
168,1.57041E+18,15/09/2022 13:55,1,0,ridgecrestdaily,278,
169,1.57041E+18,15/09/2022 13:55,0,655,kiteledgeco41,2305,swiftwrenlive
170,1.57041E+18,15/09/2022 13:55,0,676,vertexmoor,275,ivorypierplus65
171,1.57041E+18,15/09/2022 13:54,0,424,emberknoll29,479,ridgeforgedaily16
172,1.57041E+18,15/09/2022 13:54,0,662,vertexfoxnet,1452,harborfalcontv
173,1.57041E+18,15/09/2022 13:54,1,1,echoledgehq87,228246,
174,1.57041E+18,15/09/2022 13:52,0,648,coralbeaconnow,125,ivorypierplus65
175,1.57041E+18,15/09/2022 13:49,0,0,sableternx58,103,
176,1.57041E+18,15/09/2022 13:49,0,642,orbitlynxco,896,ivorypierplus65
177,1.57041E+18,15/09/2022 13:49,0,0,cedarvaleco,3919,
178,1.57041E+18,15/09/2022 13:46,0,2,umberfoxpro,176,ivorypierplus65
179,1.57041E+18,15/09/2022 13:45,0,612,prismquayio,181,harborfalcontv
180,1.57041E+18,15/09/2022 13:45,0,0,solarpiernet,869,
181,1.57041E+18,15/09/2022 13:43,0,29,harborternlab,305,onyxbayx
182,1.57041E+18,15/09/2022 13:43,0,673,cedarbeaconnow,1378,ivorypierplus65
183,1.57041E+18,15/09/2022 13:40,2,0,onyxhollowone,92,
184,1.57041E+18,15/09/2022 13:40,0,588,emberreefplus54,1468,ivorypierplus65
185,1.57041E+18,15/09/2022 13:39,0,0,harborlynx36044,55,
186,1.57041E+18,15/09/2022 13:39,0,591,northvaledaily,99,ivorypierplus65
187,1.57041E+18,15/09/2022 13:37,0,0,jadepierio,0,
188,1.57041E+18,15/09/2022 13:34,0,0,urbannookpro47,75,
189,1.5704E+18,15/09/2022 13:31,0,0,coralsablepro,318,
190,1.5704E+18,15/09/2022 13:30,0,0,tundradelldaily,2698,
191,1.5704E+18,15/09/2022 13:29,0,82,vividfalconnet42,644,northgrovepro
192,1.5704E+18,15/09/2022 13:28,0,713,urbansable360,128,ivorypierplus65
193,1.5704E+18,15/09/2022 13:27,0,685,dunemartenone38,743,ivorypierplus65
194,1.5704E+18,15/09/2022 13:22,0,0,kitedell13,2957,
195,1.5704E+18,15/09/2022 13:21,0,31,novapiernow,300,ridgebeaconio
196,1.5704E+18,15/09/2022 13:19,0,48,solarpierpro,130,crispcrestco
197,1.5704E+18,15/09/2022 13:17,0,31,deltajettynow,517,onyxbayx
198,1.5704E+18,15/09/2022 13:14,0,44,onyxternx,303,crispcrestco
199,1.5704E+18,15/09/2022 13:09,0,662,crispterndaily,604,ivorypierplus65
200,1.5704E+18,15/09/2022 13:09,0,0,cedarpier,136,
201,1.5704E+18,15/09/2022 13:08,0,0,ivorybeaconau,867,
202,1.5704E+18,15/09/2022 13:08,0,0,dunetrailtv73,1701,
203,1.5704E+18,15/09/2022 13:07,0,0,dunedell24,887,
204,1.5704E+18,15/09/2022 13:07,0,0,tundraarclive50,36,
205,1.5704E+18,15/09/2022 13:06,0,102,onyxinletlab,25,coralknolllive
206,1.5704E+18,15/09/2022 13:04,0,3188,vertexdell_,111,harborgrove24
207,1.5704E+18,15/09/2022 13:03,0,0,onyxpierx,5,
208,1.5704E+18,15/09/2022 13:02,0,657,sablefalconnow,378,ivorypierplus65
209,1.5704E+18,15/09/2022 13:00,0,601,umberosprey,824,ivorypierplus65
210,1.5704E+18,15/09/2022 12:59,0,0,vividshorepro,545,
211,1.5704E+18,15/09/2022 12:59,0,593,glidelynx,324,ivorypierplus65
212,1.5704E+18,15/09/2022 12:58,0,36,deltaravenco,155,ridgedell
213,1.5704E+18,15/09/2022 12:58,0,714,ivorycrest_,1064,ivorypierplus65
214,1.5704E+18,15/09/2022 12:57,0,669,frostvolepro,9,ivorypierplus65
215,1.5704E+18,15/09/2022 12:57,1,0,bravecrestplus,4292,
216,1.5704E+18,15/09/2022 12:54,0,2,lunardriftdaily,31104,lunardriftdaily
217,1.5704E+18,15/09/2022 12:52,0,707,jadebayhq69,205,ivorypierplus65
218,1.5704E+18,15/09/2022 12:52,0,26,onyxmoorau,4829,onyxbayx
219,1.57039E+18,15/09/2022 12:51,0,0,cedarknoll360,422,
220,1.57039E+18,15/09/2022 12:48,0,610,mesatern_92,1059,ivorypierplus65
221,1.57039E+18,15/09/2022 12:45,0,706,jadeledge,398,ivorypierplus65
222,1.57039E+18,15/09/2022 12:45,0,611,jadeanvilx,1474,ivorypierplus65
223,1.57039E+18,15/09/2022 12:44,0,44,pixelotterone,312,crispcrestco
224,1.57039E+18,15/09/2022 12:39,0,0,cedarmartenco91,4114,
225,1.57039E+18,15/09/2022 12:38,0,589,solarshorenow,1468,ivorypierplus65
226,1.57039E+18,15/09/2022 12:37,10,0,duneanvilplus,2,
227,1.57039E+18,15/09/2022 12:36,0,0,vividdellplus,2,
228,1.57039E+18,15/09/2022 12:35,0,627,emberinlet360,200,ivorypierplus65
229,1.57039E+18,15/09/2022 12:30,0,655,dunefen,0,orbitzephyrdaily
230,1.57039E+18,15/09/2022 12:30,0,712,deltaledgeau,48017,ivorypierplus65
231,1.57039E+18,15/09/2022 12:29,0,0,novaarc360,12466,
232,1.57039E+18,15/09/2022 12:27,0,81,crispzephyr24,37,solarfenau
233,1.57039E+18,15/09/2022 12:25,13,0,lunarvole_,1742,
234,1.57039E+18,15/09/2022 12:23,0,707,urbanhollowdaily,1507,ivorypierplus65
235,1.57039E+18,15/09/2022 12:22,0,712,ivorymartennow27,1179,ivorypierplus65
236,1.57039E+18,15/09/2022 12:21,0,0,vertexgrove,142,umberanvil
237,1.57039E+18,15/09/2022 12:17,0,633,coralnook_87,106,ivorypierplus65
238,1.57039E+18,15/09/2022 12:17,0,592,atlascresthq28,645,ivorypierplus65
239,1.29698E+18,22/08/2020 1:34,0,15,tundradrift360,112,willowforgelab73
240,1.29695E+18,21/08/2020 23:35,1,0,lumenyardplus,423,
241,1.29688E+18,21/08/2020 18:42,0,2,ivorywren360,789,emberbayau
242,1.29687E+18,21/08/2020 18:03,0,0,jadehollow245,271,
243,1.29687E+18,21/08/2020 17:48,0,0,tundraquayhq,111,
244,1.29686E+18,21/08/2020 17:27,0,0,lunarbeaconone28,317188,
245,1.29686E+18,21/08/2020 17:25,0,0,zenithanvil2454,1,
246,1.29682E+18,21/08/2020 14:41,0,0,kitecrestpro,539,
247,1.29681E+18,21/08/2020 14:00,2,0,sabletrailplus,674,
248,1.29664E+18,21/08/2020 2:37,0,0,mesapierpro,18,
249,1.29654E+18,20/08/2020 20:21,0,0,sabledriftau,6,
250,1.29653E+18,20/08/2020 19:25,0,0,echobeaconplus28,458,
251,1.29653E+18,20/08/2020 19:22,3,0,novafoxlab77,943,
252,1.29649E+18,20/08/2020 16:36,0,0,ivoryzephyrpro,94,
253,1.29648E+18,20/08/2020 16:05,0,0,vividmartennet,2002,
254,1.29645E+18,20/08/2020 14:26,0,4,emberravenx,113,harborospreynet
255,1.29645E+18,20/08/2020 13:57,2,0,onyxbaylab97,113,
256,1.29644E+18,20/08/2020 13:19,0,4,glidevale24,755,tundraanvil75
257,1.29636E+18,20/08/2020 8:27,0,0,bravefoxhq,225,
258,1.29633E+18,20/08/2020 6:26,0,3,quartzbaydaily63,1683,tundraanvil75
259,1.29625E+18,20/08/2020 0:59,8,2,emberbayau,52,
260,1.29622E+18,19/08/2020 23:04,0,0,northraven_,46,
261,1.29621E+18,19/08/2020 22:31,7,0,prismzephyrau,1994,
262,1.29617E+18,19/08/2020 19:54,0,0,ivorywharfnet,488,
263,1.29617E+18,19/08/2020 19:50,8,3,tundraanvil75,1817267,
264,1.29617E+18,19/08/2020 19:46,0,0,jadeyakx,0,
265,1.29616E+18,19/08/2020 18:43,18,0,nimbusottertv,18821,
266,1.29606E+18,19/08/2020 12:39,0,0,quartzcrest,19,
267,1.29605E+18,19/08/2020 11:41,0,16,crisptraillab,30,willowforgelab73
268,1.29599E+18,19/08/2020 7:43,0,0,northlynxnow76,157,
269,1.29593E+18,19/08/2020 4:00,0,8,emberforge,61,dunegrove_
270,1.2959E+18,19/08/2020 1:30,0,7,atlastraildaily16,948,mesaravendaily20
271,1.29589E+18,19/08/2020 1:02,0,0,solarforgenet,589,
272,1.29585E+18,18/08/2020 22:16,0,0,ivoryknolllive,434,
273,1.29582E+18,18/08/2020 20:36,0,0,onyxtrailco98,935,
274,1.29579E+18,18/08/2020 18:18,0,0,prismreef,323,
275,1.29562E+18,18/08/2020 6:57,0,0,umbersableau,9,
276,1.29561E+18,18/08/2020 6:32,0,0,frostmartenlive92,186,
277,1.29557E+18,18/08/2020 3:53,2,0,swiftledgenet,21,
278,1.29551E+18,18/08/2020 0:01,0,8,quartzpierlive,15,dunegrove_
279,1.29541E+18,17/08/2020 17:33,0,0,dunepier_,31,
280,1.2954E+18,17/08/2020 16:40,0,0,zenithledgeone,352,prismmartenau
281,1.29539E+18,17/08/2020 15:58,0,0,ridgearc360,51,
282,1.29539E+18,17/08/2020 15:55,0,0,harborravenco,470,
283,1.29536E+18,17/08/2020 13:58,0,0,onyxlynxio19,35,
284,1.29535E+18,17/08/2020 13:37,0,0,onyxfalconlab,2819,
285,1.29524E+18,17/08/2020 6:17,0,1,echoyard360,963,prismvoledaily
286,1.29516E+18,17/08/2020 0:45,0,0,birchanvillab,11,
287,1.29515E+18,17/08/2020 0:23,0,14,sablefen20,149,willowforgelab73
288,1.29509E+18,16/08/2020 20:16,1,0,embersablenet92,47,
289,1.29504E+18,16/08/2020 16:32,8,0,deltavaledaily81,613,
290,1.29503E+18,16/08/2020 15:55,0,0,quietdell,275,
291,1.295E+18,16/08/2020 13:51,0,0,quietyak24,0,
292,1.29496E+18,16/08/2020 11:44,0,0,kitecrestpro,498,
293,1.29484E+18,16/08/2020 3:28,0,2,vertexquay,446,willowforgelab73
294,1.29476E+18,15/08/2020 22:23,0,0,glideraven,2,
295,1.29461E+18,15/08/2020 12:31,0,7,kitevale360,1237,orbitzephyrdaily
296,1.29459E+18,15/08/2020 10:42,0,0,tundrafalcon360,125,
297,1.29458E+18,15/08/2020 10:38,0,2,corallynx,137,tundraanvil75
298,1.29456E+18,15/08/2020 8:45,3,0,glideknollpro,694,
299,1.2945E+18,15/08/2020 5:03,2,0,northanvilnet,5,
300,1.29446E+18,15/08/2020 2:17,7,0,prismzephyrau,1959,
301,1.29434E+18,14/08/2020 18:19,11,3,tundraanvil75,1607583,
302,1.29425E+18,14/08/2020 12:14,0,15,orbitzephyrdaily,146,willowforgelab73
303,1.29406E+18,14/08/2020 0:08,0,0,kitecrestpro,514,
304,1.29404E+18,13/08/2020 22:25,47,2,pixelarc_,6363,
